iter	MultiClass
0	1.509996833
1	1.287357833
